user1,user1@email.com,scrypt:32768:8:1$qtT0UuElSBBwY1qh$8ec5230096e7834c7730b03e236c4dc614c3907a366f02dedeb05e12e55135371a377f187a2ec83c1e39a66abf33fc210d5952a500fc3adc62b6e4d74e1f5f61
user2,user2@email.com,scrypt:32768:8:1$qtT0UuElSBBwY1qh$8ec5230096e7834c7730b03e236c4dc614c3907a366f02dedeb05e12e55135371a377f187a2ec83c1e39a66abf33fc210d5952a500fc3adc62b6e4d74e1f5f61
user3,user3@email.com,scrypt:32768:8:1$qtT0UuElSBBwY1qh$8ec5230096e7834c7730b03e236c4dc614c3907a366f02dedeb05e12e55135371a377f187a2ec83c1e39a66abf33fc210d5952a500fc3adc62b6e4d74e1f5f61
user4,user4@email.com,scrypt:32768:8:1$qtT0UuElSBBwY1qh$8ec5230096e7834c7730b03e236c4dc614c3907a366f02dedeb05e12e55135371a377f187a2ec83c1e39a66abf33fc210d5952a500fc3adc62b6e4d74e1f5f61
user5,user5@email.com,scrypt:32768:8:1$qtT0UuElSBBwY1qh$8ec5230096e7834c7730b03e236c4dc614c3907a366f02dedeb05e12e55135371a377f187a2ec83c1e39a66abf33fc210d5952a500fc3adc62b6e4d74e1f5f61
user6,user6@email.com,scrypt:32768:8:1$qtT0UuElSBBwY1qh$8ec5230096e7834c7730b03e236c4dc614c3907a366f02dedeb05e12e55135371a377f187a2ec83c1e39a66abf33fc210d5952a500fc3adc62b6e4d74e1f5f61
user7,user7@email.com,scrypt:32768:8:1$qtT0UuElSBBwY1qh$8ec5230096e7834c7730b03e236c4dc614c3907a366f02dedeb05e12e55135371a377f187a2ec83c1e39a66abf33fc210d5952a500fc3adc62b6e4d74e1f5f61
user8,user8@email.com,scrypt:32768:8:1$qtT0UuElSBBwY1qh$8ec5230096e7834c7730b03e236c4dc614c3907a366f02dedeb05e12e55135371a377f187a2ec83c1e39a66abf33fc210d5952a500fc3adc62b6e4d74e1f5f61
user9,user9@email.com,scrypt:32768:8:1$qtT0UuElSBBwY1qh$8ec5230096e7834c7730b03e236c4dc614c3907a366f02dedeb05e12e55135371a377f187a2ec83c1e39a66abf33fc210d5952a500fc3adc62b6e4d74e1f5f61
user10,user10@email.com,scrypt:32768:8:1$qtT0UuElSBBwY1qh$8ec5230096e7834c7730b03e236c4dc614c3907a366f02dedeb05e12e55135371a377f187a2ec83c1e39a66abf33fc210d5952a500fc3adc62b6e4d74e1f5f61
user11,user11@email.com,scrypt:32768:8:1$qtT0UuElSBBwY1qh$8ec5230096e7834c7730b03e236c4dc614c3907a366f02dedeb05e12e55135371a377f187a2ec83c1e39a66abf33fc210d5952a500fc3adc62b6e4d74e1f5f61
user12,user12@email.com,scrypt:32768:8:1$qtT0UuElSBBwY1qh$8ec5230096e7834c7730b03e236c4dc614c3907a366f02dedeb05e12e55135371a377f187a2ec83c1e39a66abf33fc210d5952a500fc3adc62b6e4d74e1f5f61
user13,user13@email.com,scrypt:32768:8:1$qtT0UuElSBBwY1qh$8ec5230096e7834c7730b03e236c4dc614c3907a366f02dedeb05e12e55135371a377f187a2ec83c1e39a66abf33fc210d5952a500fc3adc62b6e4d74e1f5f61
user14,user14@email.com,scrypt:32768:8:1$qtT0UuElSBBwY1qh$8ec5230096e7834c7730b03e236c4dc614c3907a366f02dedeb05e12e55135371a377f187a2ec83c1e39a66abf33fc210d5952a500fc3adc62b6e4d74e1f5f61
user15,user15@email.com,scrypt:32768:8:1$qtT0UuElSBBwY1qh$8ec5230096e7834c7730b03e236c4dc614c3907a366f02dedeb05e12e55135371a377f187a2ec83c1e39a66abf33fc210d5952a500fc3adc62b6e4d74e1f5f61